parent,child
ethereum/go-ethereum,ChainSafe/solidity
ethereum/go-ethereum,OffchainLabs/plasma
ethereum/go-ethereum,repo499/eth-45
ethereum/solidity,repo456/eth-89
ethereum/solidity,OffchainLabs/plasma
ethereum/solidity,trufflesuite/eth2.0-specs
ethereum/solidity,repo168/eth-30
ethereum/solidity,repo688/eth-14
ethereum/solidity,status-im/hardhat
ethereum/solidity,repo929/eth-98
ethereum/solidity,AztecProtocol/utils
ethereum/py-evm,ethereum/client
ethereum/py-evm,repo101/eth-14
ethereum/py-evm,AztecProtocol/rollup
ethereum/py-evm,web3j/node
ethereum/py-evm,repo243/eth-48
ethereum/py-evm,repo238/eth-9
ethereum/py-evm,repo283/eth-78
ethereum/consensus-specs,ethereum/plasma
ethereum/consensus-specs,ChainSafe/starknet
ethereum/consensus-specs,ConsenSys/zk-sync
ethereum/consensus-specs,repo38/eth-15
ethereum/consensus-specs,ethereum/eth2.0-specs
ethereum/execution-apis,status-im/arbitrum
ethereum/execution-apis,matter-labs/evm
ethereum/execution-apis,repo982/eth-40
ethereum/remix,repo73/eth-53
ethereum/remix,repo951/eth-96
ethereum/remix,AztecProtocol/layer2
ethereum/remix,ChainSafe/node
ethereum/remix,AztecProtocol/contracts
ethereum/remix,repo331/eth-49
ethereum/remix,repo595/eth-59
ethereum/remix,repo608/eth-52
ethereum/EIPs,AztecProtocol/layer2
ethereum/EIPs,ethereum/utils
ethereum/EIPs,ethereum-optimism/plasma
ethereum/EIPs,repo247/eth-28
repo73/eth-53,OffchainLabs/plasma
AztecProtocol/contracts,ChainSafe/evm
AztecProtocol/contracts,OffchainLabs/protocol
AztecProtocol/rollup,ethers-io/layer2
AztecProtocol/rollup,ethereum-optimism/utils
repo595/eth-59,repo310/eth-3
status-im/arbitrum,OpenZeppelin/plasma
status-im/arbitrum,status-im/zk-sync
repo168/eth-30,trufflesuite/web3.js
repo168/eth-30,ethereum/core
repo168/eth-30,status-im/layer2
repo168/eth-30,trufflesuite/starknet
repo247/eth-28,OpenZeppelin/client
status-im/hardhat,repo547/eth-79
status-im/hardhat,AztecProtocol/node
ethereum/utils,repo672/eth-81
ethereum/utils,repo883/eth-36
ethereum/utils,AztecProtocol/optimism
ethereum/client,ethereum/contracts
ethereum/client,repo112/eth-69
AztecProtocol/layer2,ConsenSys/layer2
repo331/eth-49,matter-labs/web3.js
repo331/eth-49,ethers-io/layer2
repo331/eth-49,ConsenSys/optimism
ChainSafe/starknet,repo147/eth-31
ChainSafe/starknet,web3j/web3.js
ChainSafe/starknet,repo631/eth-2
ChainSafe/starknet,repo61/eth-47
repo688/eth-14,OpenZeppelin/protocol
OffchainLabs/plasma,status-im/zk-sync
OffchainLabs/plasma,repo459/eth-81
OffchainLabs/plasma,OffchainLabs/layer2
web3j/node,ethereum-optimism/core
web3j/node,repo240/eth-98
web3j/node,ethereum-optimism/zk-sync
repo982/eth-40,ethers-io/plasma
repo982/eth-40,repo339/eth-18
repo982/eth-40,OffchainLabs/eth2.0-specs
repo982/eth-40,repo309/eth-38
ethereum-optimism/plasma,paritytech/evm
ethereum-optimism/plasma,repo834/eth-21
ChainSafe/solidity,repo98/eth-62
ChainSafe/solidity,ConsenSys/plasma
ChainSafe/solidity,OffchainLabs/plasma
ChainSafe/solidity,ChainSafe/plasma
repo608/eth-52,ConsenSys/contracts
repo608/eth-52,AztecProtocol/core
