parent,child
paritytech/polkadot,paritytech/substrate
paritytech/polkadot,paritytech/cumulus
paritytech/polkadot,paritytech/parity-bridges-common
paritytech/polkadot,paritytech/ink
paritytech/polkadot,paritytech/subxt
paritytech/polkadot,paritytech/polkadot-sdk
paritytech/polkadot,paritytech/parity-signer
paritytech/polkadot,paritytech/txwrapper
paritytech/polkadot,paritytech/frontier
paritytech/polkadot,paritytech/smoldot
paritytech/substrate,team-50/kusama-sdk
paritytech/substrate,dev-34/substrate-bridge-bridge
paritytech/substrate,team-91/polkadot-pallet-sdk
paritytech/substrate,centrifuge/polkadot-parachain-node
paritytech/substrate,polkadot-js/parachain-sdk
paritytech/substrate,open-polkadot-22/dot-client-pallet
paritytech/substrate,team-31/client-bridge
paritytech/cumulus,paritytech/dot-client
paritytech/cumulus,open-polkadot-84/kusama-sdk-node
paritytech/cumulus,team-50/kusama-sdk
paritytech/cumulus,centrifuge/parachain-tools-parachain
paritytech/cumulus,dev-35/parachain-client-bridge
paritytech/cumulus,moonbeam/parachain-node-sdk
paritytech/cumulus,team-91/polkadot-pallet-sdk
paritytech/cumulus,team-7/kusama-client-bridge
paritytech/parity-bridges-common,paritytech/parachain-tools-pallet
paritytech/parity-bridges-common,acala/parachain-pallet-bridge
paritytech/parity-bridges-common,centrifuge/parachain-runtime-api
paritytech/parity-bridges-common,edgeware/dot-runtime-sdk
paritytech/parity-bridges-common,polkadot-labs-74/parachain-tools-runtime
paritytech/ink,centrifuge/parachain-tools-parachain
paritytech/ink,polkadot-labs-47/kusama-tools-runtime
paritytech/subxt,polkadot-community-70/dot-runtime-api
paritytech/subxt,open-polkadot-23/sdk-node
paritytech/subxt,team-38/kusama-parachain-runtime
paritytech/subxt,dev-6/parachain-bridge-api
paritytech/subxt,team-97/dot-sdk-sdk
paritytech/polkadot-sdk,centrifuge/parachain-module-api
paritytech/polkadot-sdk,polkadot-community-85/parachain-runtime-parachain
paritytech/polkadot-sdk,centrifuge/polkadot-sdk
paritytech/parity-signer,team-80/parachain-api-sdk
paritytech/parity-signer,open-polkadot-21/kusama-parachain-sdk
paritytech/parity-signer,dev-46/kusama-sdk-sdk
paritytech/txwrapper,centrifuge/parachain-runtime-api
paritytech/txwrapper,dev-90/dot-api-api
paritytech/txwrapper,centrifuge/substrate-api
paritytech/txwrapper,centrifuge/kusama-tools-api
paritytech/txwrapper,polkadot-labs-31/kusama-tools-node
paritytech/txwrapper,paritytech/dot-client
paritytech/txwrapper,polkadot-community-92/kusama-parachain-parachain
paritytech/txwrapper,moonbeam/parachain-node-sdk
paritytech/frontier,edgeware/dot-tools-bridge
paritytech/frontier,centrifuge/parachain-tools-parachain
paritytech/frontier,team-95/api-api
paritytech/frontier,polkadot-community-73/kusama-api-bridge
paritytech/frontier,dev-40/parachain-parachain
paritytech/frontier,centrifuge/parachain-runtime
paritytech/frontier,polkadot-js/kusama-sdk-node
paritytech/frontier,team-52/polkadot-pallet-api
paritytech/smoldot,paritytech/parachain-sdk
paritytech/smoldot,acala/polkadot-client-parachain
edgeware/dot-runtime-sdk,paritytech/parachain-runtime-runtime
edgeware/dot-runtime-sdk,moonbeam/substrate-node-sdk
paritytech/substrate-bridge-pallet,polkadot-labs-84/substrate-node-node
paritytech/dot-client,polkadot-community-46/client-api
paritytech/parachain-sdk,polkadot-labs-74/parachain-tools-runtime
centrifuge/polkadot-api-sdk,dev-42/api-bridge
centrifuge/polkadot-api-sdk,dev-46/kusama-sdk-sdk
paritytech/parachain-runtime-runtime,polkadot-community-92/kusama-parachain-parachain
polkadot-js/parachain-sdk,team-38/kusama-parachain-runtime
acala/polkadot-client-parachain,polkadot-community-29/parachain-api-api
polkadot-js/kusama-sdk-node,paritytech/dot-client
polkadot-js/kusama-node-node,polkadot-labs-31/kusama-tools-node
team-50/kusama-sdk,polkadot-labs-31/kusama-tools-node
team-94/parachain-parachain-parachain,acala/polkadot-client-parachain
team-31/dot-client-bridge,polkadot-labs-21/parachain-sdk-node
polkadot-community-85/parachain-runtime-parachain,polkadot-community-31/dot-node-pallet
team-95/api-api,team-31/client-bridge
open-polkadot-18/polkadot-api-node,centrifuge/kusama-tools-api
team-52/polkadot-pallet-api,polkadot-js/parachain-sdk
team-80/parachain-api-sdk,paritytech/parachain-tools-pallet
polkadot-labs-21/parachain-sdk-node,team-94/parachain-parachain-parachain
polkadot-labs-21/parachain-sdk-node,team-31/client-bridge
team-7/kusama-client-bridge,polkadot-community-85/parachain-runtime-parachain
team-93/parachain-pallet-node,team-97/dot-sdk-sdk
dev-51/kusama-node-parachain,open-polkadot-18/polkadot-api-node
team-13/api-pallet,polkadot-community-85/parachain-runtime-parachain
polkadot-labs-84/substrate-node-node,centrifuge/kusama-tools-api
polkadot-labs-84/substrate-node-node,dev-34/substrate-bridge-bridge
open-polkadot-57/parachain-runtime-runtime,phala/substrate-client-parachain
polkadot-labs-23/tools-node,polkadot-labs-21/parachain-sdk-node
polkadot-labs-23/tools-node,acala/polkadot-client-parachain
team-38/kusama-parachain-runtime,polkadot-community-31/dot-node-pallet
team-38/kusama-parachain-runtime,paritytech/parachain-runtime-runtime
polkadot-labs-74/parachain-tools-runtime,polkadot-community-85/parachain-runtime-parachain
team-91/polkadot-pallet-sdk,paritytech/dot-client
polkadot-community-65/dot-pallet-runtime,dev-51/kusama-node-parachain
